name,surname,age,salary
Nicole,Simpson,56,108
Leah,Barron,37,78
Jesse,Williams,53,175
Dana,Clark,94,81
Walter,Ward,38,62
Amy,Barrett,23,99
Jason,Taylor,64,86
Michelle,Boyd,22,117
Felicia,Sims,95,193
Jack,Wilson,62,90
Benjamin,Campbell,39,183
Robin,Jimenez,50,113
Pamela,Peterson,20,100
Jason,Vasquez,42,86
David,Jones,38,78
Mariah,Rice,58,139
Pamela,Martinez,40,111
John,Lewis,34,153
Heather,Bender,38,149
Haley,Miller,50,76
Travis,Young,97,171
Cynthia,Evans,60,111
Lindsay,Davis,18,174
Shawn,Anderson,48,50
Jim,Glover,21,115
Christian,White,53,124
Diane,Parker,58,80
Kathryn,Allen,28,128
Stephanie,Rivera,26,74
Aaron,Byrd,30,180
Douglas,Snyder,64,104
Steven,Ortiz,37,127
Jimmy,Miller,22,173
Shawn,Rollins,24,181
Joseph,Rich,46,106
Dylan,Sawyer,30,168
Kevin,Sullivan,42,68
Krista,Kelly,57,94
Christopher,Brown,33,181
Robert,Richardson,32,173
Alicia,Moreno,53,133
John,Savage,56,190
Austin,Smith,54,155
Matthew,Estrada,28,156
Crystal,Nunez,63,96
Devin,Weiss,57,88
Michael,Paul,53,68
Jason,Sims,54,195
Michael,Mcgee,35,143
Thomas,Forbes,65,156
Jasmine,Kemp,40,185
Harry,Dunn,40,177
Samantha,Beltran,56,199
Victoria,Washington,37,130
Jared,Marquez,40,91
Matthew,Nguyen,32,187
Peggy,Conley,21,165
Joseph,Trevino,27,85
Steven,Decker,18,97
Michael,Blanchard,50,136
Jeanne,Mason,40,82
Sabrina,Williams,47,78
Luke,Cooper,58,197
Mitchell,Parker,60,187
Amy,Thomas,64,83
John,Johnson,44,91
Cindy,Spears,52,100
Jack,Rivera,27,154
Melanie,Wilson,55,52
Ryan,Hall,33,76
Kimberly,Farmer,64,141
Johnny,Matthews,29,93
Andrea,Smith,64,123
Zachary,Wu,22,139
Chloe,Myers,19,164
Danielle,Scott,47,163
Brenda,Casey,42,53
Linda,Peterson,52,187
Rebecca,Dixon,42,129
Diana,Johnson,27,147
Annette,Lewis,65,196
William,Walker,18,57
Angel,White,60,182
Tina,Pena,22,52
Jason,Castillo,44,178
Sharon,Castillo,28,96
Christine,Salazar,41,169
Adam,Miles,61,98
Maria,Wu,37,64
Joel,Todd,61,115
Richard,Robertson,37,135
Paul,Rodriguez,34,182
Michael,Scott,25,137
Lauren,Wheeler,57,133
Clifford,James,56,139
Jerry,Johnson,41,77
Robert,Oliver,48,144
Samantha,Atkins,20,112
David,White,32,80
Felicia,Harris,47,63
